Column,Count Non-Null,Count Finite,Mean,Median,Std,Variance,Min,P5,Q1 (25%),Q3 (75%),P95,Max,IQR,Skewness,Kurtosis (excess),Outlier Count (IQR),Outlier %,Infinite Count,Highly Skewed,Heavy Tailed,Q1,Q3,Kurtosis
EVT,50881,50881,7425.165641,7299.0,530.766294,281712.85849,7008.0,7028.0,7299.0,7299.0,9153.0,9829.0,0.0,2.843596,7.311086,18851,37.0492,0,True,True,,,
GAP_Prity,50880,50880,1.667787,0.0,3.043496,9.262871,0.0,0.0,0.0,0.0,8.0,9.0,0.0,1.326657,-0.114296,11931,23.4493,0,False,False,,,
pr_5D_max,50881,50881,1.640626,0.0,5.879351,34.566773,0.0,0.0,0.0,0.0,9.6,132.4,0.0,7.236939,76.705537,11707,23.0086,0,True,True,,,
pr_5D_mean,50881,50881,0.461649,0.0,1.838949,3.381733,0.0,0.0,0.0,0.0,2.54,54.14,0.0,8.932783,120.854139,11707,23.0086,0,True,True,,,
LOCAL_FIRE_REPORT_ID,12406,12406,70901.495164,68.0,182249.248265,33214788492.979538,1.0,6.0,28.0,734.5,555886.75,600489.0,706.5,2.233776,3.024953,2546,20.5223,0,True,False,,,
M_ENY,50879,50879,0.203738,0.0,0.402781,0.162232,0.0,0.0,0.0,0.0,1.0,1.0,0.0,1.47114,0.16426,10366,20.3738,0,False,False,,,
UN_ET,50879,50879,0.198825,0.0,0.39912,0.159297,0.0,0.0,0.0,0.0,1.0,1.0,0.0,1.509257,0.277869,10116,19.8825,0,False,False,,,
GAP_Sts,50880,50880,3.739171,4.0,0.635987,0.40448,1.0,2.0,4.0,4.0,4.0,4.0,0.0,-2.808637,7.906661,9250,18.18,0,True,True,,,
M_CLT,50879,50879,0.17632,0.0,0.381096,0.145234,0.0,0.0,0.0,0.0,1.0,1.0,0.0,1.698744,0.885766,8971,17.632,0,False,False,,,
Medusahead,37034,37034,217.524761,255.0,89.330218,7979.88777,0.0,2.0,255.0,255.0,255.0,255.0,0.0,-1.965175,1.864591,5544,14.97,0,False,False,,,
ExoticAnnualGrass,37034,37034,219.570044,255.0,84.52188,7143.94823,0.0,14.0,255.0,255.0,255.0,255.0,0.0,-1.971852,1.903402,5544,14.97,0,False,False,,,
CheatGrass,37034,37034,218.208025,255.0,87.713183,7693.602554,0.0,7.0,255.0,255.0,255.0,255.0,0.0,-1.966271,1.870877,5544,14.97,0,False,False,,,
PoaSecunda,37034,37034,217.294918,255.0,89.868371,8076.324114,0.0,1.0,255.0,255.0,255.0,255.0,0.0,-1.964275,1.859408,5544,14.97,0,False,False,,,
ULHSE,50879,50879,0.148725,0.0,0.355821,0.126609,0.0,0.0,0.0,0.0,1.0,1.0,0.0,1.974523,1.898814,7567,14.8725,0,False,False,,,
M_HLTH_102,50879,50879,0.144677,0.0,0.351778,0.123748,0.0,0.0,0.0,0.0,1.0,1.0,0.0,2.020237,2.081439,7361,14.4677,0,True,False,,,
Population,50881,50881,-292.613221,0.1263,5439.815496,29591592.635248,-99999.0,0.0,0.0,2.1708,24.021,396.4778,2.1708,-18.275088,331.993264,7324,14.3944,0,True,True,,,
PM25LI,50879,50879,0.140647,0.0,0.347661,0.120868,0.0,0.0,0.0,0.0,1.0,1.0,0.0,2.06734,2.273986,7156,14.0647,0,True,False,,,
GDP,50878,50878,55600.151516,55768.438,1385.912165,1920752.529903,15790.716,54876.344,55768.438,55768.438,55768.438,55768.438,0.0,-26.119334,735.751297,6588,12.9486,0,True,True,,,
TRACT,50837,50837,87424.16425,10102.0,209882.812622,44050795034.09277,100.0,120.0,1301.0,42412.0,553901.0,990000.0,41111.0,3.050088,8.575168,6388,12.5657,0,True,True,,,
EBLRLI,50879,50879,0.12341,0.0,0.328911,0.108182,0.0,0.0,0.0,0.0,1.0,1.0,0.0,2.290008,3.244263,6279,12.341,0,True,False,,,
LISO_ET,50879,50879,0.122742,0.0,0.328144,0.107679,0.0,0.0,0.0,0.0,1.0,1.0,0.0,2.299432,3.287514,6245,12.2742,0,True,False,,,
M_HLTH,50879,50879,0.122349,0.0,0.327692,0.107382,0.0,0.0,0.0,0.0,1.0,1.0,0.0,2.305006,3.313182,6225,12.2349,0,True,False,,,
LILHSE,50879,50879,0.120718,0.0,0.325802,0.106147,0.0,0.0,0.0,0.0,1.0,1.0,0.0,2.328389,3.421529,6142,12.0718,0,True,False,,,
M_PLN_EOMI,50879,50879,0.115588,0.0,0.319733,0.102229,0.0,0.0,0.0,0.0,1.0,1.0,0.0,2.404674,3.782604,5881,11.5588,0,True,False,,,
GACC_New fire,50781,50781,63.387999,22.0,133.877077,17923.071765,0.0,3.0,13.0,41.0,336.0,1144.0,28.0,4.108804,18.606225,5494,10.819,0,True,True,,,
EB_ET,50879,50879,0.106586,0.0,0.308589,0.095227,0.0,0.0,0.0,0.0,1.0,1.0,0.0,2.549855,4.501939,5423,10.6586,0,True,False,,,
rpms,50881,50881,518.734675,0.0,1109.988523,1232074.520285,0.0,0.0,0.0,482.0,3313.0,5565.0,482.0,2.433292,5.363298,5406,10.6248,0,True,False,,,
FRG,50881,50881,15.700733,3.0,59.358685,3523.453539,-9999.0,1.0,1.0,4.0,133.0,133.0,3.0,-93.625661,15924.971375,5265,10.3477,0,True,True,,,
LMI_ET,50879,50879,0.102557,0.0,0.303382,0.092041,0.0,0.0,0.0,0.0,1.0,1.0,0.0,2.620182,4.865544,5218,10.2557,0,True,False,,,
pr,50881,50881,0.514471,0.0,3.133712,9.82015,0.0,0.0,0.0,0.0,2.3,132.400009,0.0,14.171239,312.642758,4814,9.4613,0,True,True,,,
SDI,50881,50881,-1.337561552007739e+32,0.0,2.1334001925572395e+34,4.5513963816032665e+68,-3.4028234663852885e+36,0.0,0.0,0.11,0.75,2.82,0.11,-159.496081,25437.999843,4749,9.3335,0,True,True,,,
EALRLI,50879,50879,0.091963,0.0,0.288977,0.083508,0.0,0.0,0.0,0.0,1.0,1.0,0.0,2.82412,5.975887,4679,9.1963,0,True,False,,,
FIRE_SIZE,50881,50881,102.8205,0.1,3181.436145,10121535.947832,0.01,0.01,0.1,1.0,12.0,410203.0,0.9,74.969478,7585.322427,4591,9.023,0,True,True,,,
TPI_1km,50881,50881,-0.005988,0.0,0.042685,0.001822,-0.55,-0.08,-0.02,0.0,0.06,0.45,0.02,-0.129306,8.172469,4401,8.6496,0,False,True,,,
LMILHSE,50879,50879,0.085025,0.0,0.278922,0.077797,0.0,0.0,0.0,0.0,1.0,1.0,0.0,2.975678,6.854929,4326,8.5025,0,True,False,,,
POV_ET,50879,50879,0.08475,0.0,0.278512,0.077569,0.0,0.0,0.0,0.0,1.0,1.0,0.0,2.982033,6.89279,4312,8.475,0,True,False,,,
HD_ET,50879,50879,0.083099,0.0,0.276035,0.076195,0.0,0.0,0.0,0.0,1.0,1.0,0.0,3.02076,7.125271,4228,8.3099,0,True,True,,,
PLHSE,50879,50879,0.082293,0.0,0.274814,0.075523,0.0,0.0,0.0,0.0,1.0,1.0,0.0,3.040046,7.242162,4187,8.2293,0,True,True,,,
EPL_ET,50879,50879,0.081645,0.0,0.273825,0.07498,0.0,0.0,0.0,0.0,1.0,1.0,0.0,3.055757,7.337937,4154,8.1645,0,True,True,,,
EBLI,50879,50879,0.073999,0.0,0.261772,0.068525,0.0,0.0,0.0,0.0,1.0,1.0,0.0,3.254876,8.594554,3765,7.3999,0,True,True,,,
GACC_New LF,50781,50781,1.63382,0.0,4.644422,21.570655,0.0,0.0,0.0,1.0,8.0,79.0,1.0,8.029531,94.85537,3530,6.9514,0,True,True,,,
HDLI,50879,50879,0.065685,0.0,0.247734,0.061372,0.0,0.0,0.0,0.0,1.0,1.0,0.0,3.506443,10.29555,3342,6.5685,0,True,True,,,
RMP_ET,50879,50879,0.065351,0.0,0.247147,0.061082,0.0,0.0,0.0,0.0,1.0,1.0,0.0,3.517471,10.373013,3325,6.5351,0,True,True,,,
pr_Normal,50881,50881,0.738141,0.24,1.322471,1.748931,0.0,0.0,0.06,0.75,3.38,13.34,0.69,3.478793,15.117711,3316,6.5172,0,True,True,,,
M_HSG_EOMI,50879,50879,0.065017,0.0,0.246558,0.060791,0.0,0.0,0.0,0.0,1.0,1.0,0.0,3.528578,10.451276,3308,6.5017,0,True,True,,,
M_PLN,50879,50879,0.064349,0.0,0.245376,0.060209,0.0,0.0,0.0,0.0,1.0,1.0,0.0,3.551033,10.610253,3274,6.4349,0,True,True,,,
TPI,50881,50881,-0.032836,0.0,1.402197,1.966155,-15.25,-2.0,-0.375,0.375,2.0,40.5,0.75,0.662382,25.90421,3243,6.3737,0,False,True,,,
HB_ET,50879,50879,0.062678,0.0,0.242385,0.058751,0.0,0.0,0.0,0.0,1.0,1.0,0.0,3.608624,11.022602,3189,6.2678,0,True,True,,,
No_FireStation_1.0km,8121,8121,1.063293,1.0,0.253902,0.064466,1.0,1.0,1.0,1.0,2.0,4.0,0.0,4.098122,17.562373,494,6.083,0,True,True,,,
M_HSG,50879,50879,0.059573,0.0,0.236696,0.056025,0.0,0.0,0.0,0.0,1.0,1.0,0.0,3.721609,11.850838,3031,5.9573,0,True,True,,,
HBLI,50879,50879,0.058472,0.0,0.234636,0.055054,0.0,0.0,0.0,0.0,1.0,1.0,0.0,3.763658,12.165602,2975,5.8472,0,True,True,,,
M_TRN_EOMI,50879,50879,0.053814,0.0,0.225652,0.050919,0.0,0.0,0.0,0.0,1.0,1.0,0.0,3.954787,13.640875,2738,5.3814,0,True,True,,,
NPL_ET,50879,50879,0.053185,0.0,0.224404,0.050357,0.0,0.0,0.0,0.0,1.0,1.0,0.0,3.982386,13.859944,2706,5.3185,0,True,True,,,
M_WTR_EOMI,50879,50879,0.051829,0.0,0.221684,0.049144,0.0,0.0,0.0,0.0,1.0,1.0,0.0,4.043501,14.350464,2637,5.1829,0,True,True,,,
WD_ET,50879,50879,0.051829,0.0,0.221684,0.049144,0.0,0.0,0.0,0.0,1.0,1.0,0.0,4.043501,14.350464,2637,5.1829,0,True,True,,,
Popo_1km,50868,50868,4.312466,0.4004,7.936654,62.99047,0.0,0.0,0.0183,5.1822,20.593925,117.625,5.1639,2.932009,13.268603,2516,4.9461,0,True,True,,,
TP_ET,50879,50879,0.048527,0.0,0.214879,0.046173,0.0,0.0,0.0,0.0,0.0,1.0,0.0,4.202282,15.659787,2469,4.8527,0,True,True,,,
RMPLI,50879,50879,0.044871,0.0,0.207023,0.042859,0.0,0.0,0.0,0.0,0.0,1.0,0.0,4.397061,17.334828,2283,4.4871,0,True,True,,,
GACC_NIMO Teams,50781,50781,0.035368,0.0,0.189757,0.036008,0.0,0.0,0.0,0.0,0.0,3.0,0.0,5.527382,32.892658,1753,3.4521,0,True,True,,,
DB_ET,50879,50879,0.033668,0.0,0.180375,0.032535,0.0,0.0,0.0,0.0,0.0,1.0,0.0,5.170891,24.739083,1713,3.3668,0,True,True,,,
A_ET,50879,50879,0.033157,0.0,0.179048,0.032058,0.0,0.0,0.0,0.0,0.0,1.0,0.0,5.214916,25.196343,1687,3.3157,0,True,True,,,
ALI,50879,50879,0.032587,0.0,0.177555,0.031526,0.0,0.0,0.0,0.0,0.0,1.0,0.0,5.265196,25.723303,1658,3.2587,0,True,True,,,
LLE_ET,50879,50879,0.032273,0.0,0.176725,0.031232,0.0,0.0,0.0,0.0,0.0,1.0,0.0,5.293486,26.022017,1642,3.2273,0,True,True,,,
GACC_Uncont LF,50781,50781,2.639038,2.0,3.794929,14.401488,0.0,0.0,1.0,3.0,8.0,37.0,2.0,4.58817,28.829029,1631,3.2118,0,True,True,,,
DLI,50879,50879,0.031899,0.0,0.175733,0.030882,0.0,0.0,0.0,0.0,0.0,1.0,0.0,5.327604,26.384398,1623,3.1899,0,True,True,,,
SFLI,50879,50879,0.029069,0.0,0.168002,0.028225,0.0,0.0,0.0,0.0,0.0,1.0,0.0,5.606491,29.433896,1479,2.9069,0,True,True,,,
TSDF_ET,50879,50879,0.028086,0.0,0.165221,0.027298,0.0,0.0,0.0,0.0,0.0,1.0,0.0,5.712744,30.636645,1429,2.8086,0,True,True,,,
LLELI,50879,50879,0.027831,0.0,0.164489,0.027057,0.0,0.0,0.0,0.0,0.0,1.0,0.0,5.74126,30.963285,1416,2.7831,0,True,True,,,
M_TRN,50879,50879,0.026219,0.0,0.159788,0.025532,0.0,0.0,0.0,0.0,0.0,1.0,0.0,5.930361,33.170483,1334,2.6219,0,True,True,,,
road_interstate_dis,41,41,37.617073,41.0,10.656662,113.564451,7.3,15.8,35.6,44.1,49.6,51.4,8.5,-1.355423,1.307006,1,2.439,0,False,False,,,
TRI,50881,50881,8.58223,4.123,10.948746,119.875034,0.0,0.0,1.732,11.446,32.342,146.792,9.714,2.212377,6.371972,1235,2.4272,0,True,False,,,
TPLI,50879,50879,0.024195,0.0,0.153655,0.02361,0.0,0.0,0.0,0.0,0.0,1.0,0.0,6.193423,36.359923,1231,2.4195,0,True,True,,,
road_state_dis,693,693,38.106782,39.5,7.359169,54.157367,4.1,24.68,35.8,42.3,47.84,54.5,6.5,-1.592704,4.379922,16,2.3088,0,False,False,,,
No_FireStation_10.0km,48447,48447,15.846657,11.0,16.775097,281.403869,1.0,1.0,5.0,20.0,49.0,120.0,15.0,2.323049,6.91749,1087,2.2437,0,True,False,,,
Slope,50881,50881,5.706767,3.0,7.547005,56.957291,0.0,0.0,1.0,8.0,23.0,59.0,7.0,1.990863,4.105468,1007,1.9791,0,False,False,,,
No_FireStation_20.0km,50703,50703,60.487585,40.0,59.709003,3565.165042,1.0,7.0,20.0,78.0,178.0,393.0,58.0,2.063056,5.440576,915,1.8046,0,True,False,,,
EPLRLI,50879,50879,0.015193,0.0,0.122321,0.014962,0.0,0.0,0.0,0.0,0.0,1.0,0.0,7.927125,60.841705,773,1.5193,0,True,True,,,
WDLI,50879,50879,0.015134,0.0,0.122087,0.014905,0.0,0.0,0.0,0.0,0.0,1.0,0.0,7.943281,61.098112,770,1.5134,0,True,True,,,
M_WTR,50879,50879,0.015134,0.0,0.122087,0.014905,0.0,0.0,0.0,0.0,0.0,1.0,0.0,7.943281,61.098112,770,1.5134,0,True,True,,,
GACC_Type 1 IMTs,50781,50781,0.570331,0.0,1.03972,1.081017,0.0,0.0,0.0,1.0,3.0,7.0,1.0,2.513236,7.602575,620,1.2209,0,True,True,,,
Aridity_index,50881,50881,0.331502,0.23,0.300976,0.090586,0.01,0.06,0.13,0.44,0.96,3.48,0.31,2.061736,6.212057,596,1.1714,0,True,False,,,
DS_ET,50879,50879,0.010869,0.0,0.103687,0.010751,0.0,0.0,0.0,0.0,0.0,1.0,0.0,9.435129,87.025083,553,1.0869,0,True,True,,,
HWLI,50879,50879,0.010279,0.0,0.100865,0.010174,0.0,0.0,0.0,0.0,0.0,1.0,0.0,9.710764,92.302557,523,1.0279,0,True,True,,,
TC,50879,50879,1.231038,0.0,2.009388,4.037642,0.0,0.0,0.0,2.0,5.0,14.0,2.0,2.008851,4.431048,501,0.9847,0,True,False,,,
GACC_Area Command Teams,50781,50781,0.008724,0.0,0.09673,0.009357,0.0,0.0,0.0,0.0,0.0,2.0,0.0,11.717864,149.072082,425,0.8369,0,True,True,,,
vs,50881,50881,3.296578,3.0,1.422716,2.024121,0.4,1.6,2.4,3.9,6.0,14.9,1.5,1.595844,4.52641,420,0.8255,0,False,False,,,
HSEF,50856,50856,0.165404,0.12,0.137598,0.018933,0.0,0.03,0.07,0.22,0.46,0.76,0.15,1.537301,2.139279,418,0.8219,0,False,False,,,
CA_LT20,50879,50879,0.991961,1.0,0.089298,0.007974,0.0,1.0,1.0,1.0,1.0,1.0,0.0,-11.018793,119.41849,409,0.8039,0,True,True,,,
NCA,50856,50856,0.926618,0.93,0.043974,0.001934,0.0,0.87,0.91,0.95,0.97,1.0,0.04,-6.826467,100.532092,386,0.759,0,True,True,,,
TPF,50879,50879,4881.488866,4528.0,2885.508048,8326156.696832,0.0,1341.0,2966.0,6180.0,9515.0,38932.0,3214.0,2.871247,22.87138,384,0.7547,0,True,True,,,
CA,50856,50856,0.063461,0.06,0.043865,0.001924,0.0,0.02,0.04,0.08,0.12,0.99,0.04,6.885276,101.496811,357,0.702,0,True,True,,,
GACC_Type 2 IMTs,50781,50781,0.521258,0.0,0.97188,0.944551,0.0,0.0,0.0,1.0,3.0,13.0,1.0,3.033882,17.704224,356,0.701,0,True,True,,,
Annual_precipitation,50881,50881,632.197932,460.0,506.815135,256861.581478,18.0,148.0,279.0,824.0,1698.0,5377.0,545.0,1.806042,4.593075,355,0.6977,0,False,False,,,
No_FireStation_5.0km,38805,38805,3.93756,3.0,3.523127,12.412424,1.0,1.0,1.0,5.0,11.0,41.0,4.0,2.207854,7.91872,243,0.6262,0,True,True,,,
DPMLI,50879,50879,0.005719,0.0,0.075411,0.005687,0.0,0.0,0.0,0.0,0.0,1.0,0.0,13.109455,169.864487,291,0.5719,0,True,True,,,
vs_5D_mean,50881,50881,3.27916,3.1,1.05385,1.110601,0.56,1.94,2.58,3.8,5.2,12.5,1.22,1.354007,3.791896,265,0.5208,0,False,False,,,
vs_5D_max,50881,50881,4.375162,4.1,1.591892,2.534122,0.6,2.4,3.3,5.1,7.5,15.3,1.8,1.325429,2.759077,233,0.4579,0,False,False,,,
LPP_ET,50879,50879,0.004579,0.0,0.067517,0.004559,0.0,0.0,0.0,0.0,0.0,1.0,0.0,14.675902,213.390495,233,0.4579,0,True,True,,,
Annual_tempreture,50881,50881,289.313693,290.0,3.505931,12.291552,274.0,282.0,288.0,291.0,293.0,299.0,3.0,-0.816468,1.112994,189,0.3715,0,False,False,,,
LPMHVLI,50879,50879,0.003322,0.0,0.057538,0.003311,0.0,0.0,0.0,0.0,0.0,1.0,0.0,17.264996,296.091719,169,0.3322,0,True,True,,,
pr_5D_min,50881,50881,0.005354,0.0,0.20923,0.043777,0.0,0.0,0.0,0.0,0.0,34.6,0.0,106.255962,15499.434082,161,0.3164,0,True,True,,,
rmin_5D_min,50881,50881,18.230082,16.4,10.873674,118.236794,1.0,3.7,10.8,23.4,39.6,93.4,12.6,1.145988,1.914983,133,0.2614,0,False,False,,,
Elevation,50881,50881,525.060376,267.0,617.340484,381109.27273,-83.0,12.0,80.0,775.0,1912.0,3650.0,695.0,1.551349,1.846718,108,0.2123,0,False,False,,,
Elevation_1km,50881,50881,422.688479,221.953147,489.633578,239741.041175,-65.644399,11.180211,66.119376,624.215106,1525.219467,2981.480186,558.09573,1.538444,1.820063,91,0.1788,0,False,False,,,
Annual_etr,50881,50881,2097.837385,2076.0,376.334643,141627.763808,916.0,1538.0,1862.0,2284.0,2752.0,3620.0,422.0,0.76072,1.78823,63,0.1238,0,False,False,,,
th_5D_max,50881,50881,279.646548,291.0,52.890444,2797.399086,4.0,182.0,247.0,321.0,344.0,360.0,74.0,-1.037918,1.281763,56,0.1101,0,False,False,,,
rmin,50881,50881,25.011865,22.4,14.156287,200.400448,1.0,6.5,15.0,32.100002,53.200001,100.0,17.100002,1.026737,1.286754,54,0.1061,0,False,False,,,
GHM,50881,50881,-3.544538112820509e+35,0.45,1.0976844048721093e+37,1.2049110526994369e+74,-3.402823466385289e+38,0.03,0.25,0.71,0.92,0.99,0.46,-30.93665,955.113884,53,0.1042,0,True,True,,,
fm1000_5D_mean,50881,50881,10.943588,10.3,3.775237,14.252414,2.8,6.0,8.1,13.2,17.9,34.1,5.1,0.951455,1.270834,41,0.0806,0,False,False,,,
RPL_THEMES,50837,50837,-0.189624,0.6372,28.378027,805.312423,-999.0,0.162,0.4245,0.8476,0.9713,1.0,0.4231,-35.16671,1234.847275,41,0.0806,0,True,True,,,
RPL_THEME4,50837,50837,-0.167146,0.6245,27.677325,766.03434,-999.0,0.1488,0.415,0.815,0.9511,1.0,0.4,-36.0592,1298.425269,39,0.0767,0,True,True,,,
fm1000,50881,50881,10.93657,10.3,3.774073,14.243626,2.8,6.0,8.1,13.2,17.8,34.6,5.1,0.951952,1.299286,39,0.0766,0,False,False,,,
RPL_THEME1,50837,50837,-0.152575,0.6151,27.3204,746.404257,-999.0,0.1318,0.4043,0.8207,0.97,0.9999,0.4164,-36.531313,1332.708927,38,0.0747,0,True,True,,,
fm1000_5D_min,50881,50881,10.62896,10.0,3.680005,13.54244,2.8,5.9,7.9,12.9,17.4,33.2,5.0,0.938833,1.153319,35,0.0688,0,False,False,,,
EPL_NOVEH,50837,50837,-0.276999,0.369,25.838227,667.613972,-999.0,0.0334,0.1931,0.5795,0.806,0.9996,0.3864,-38.625258,1490.097357,34,0.0669,0,True,True,,,
RPL_THEME2,50837,50837,-0.100665,0.5697,25.459867,648.204822,-999.0,0.09938,0.355,0.7608,0.923,0.9998,0.4058,-39.206328,1535.353549,33,0.0649,0,True,True,,,
EPL_MOBILE,50837,50837,0.06351,0.7668,24.680388,609.121549,-999.0,0.0,0.6034,0.8712,0.9776,0.9999,0.2678,-40.451116,1634.593082,31,0.061,0,True,True,,,
EPL_UNEMP,50837,50837,0.073302,0.7263,24.2787,589.455264,-999.0,0.1372,0.4859,0.8842,0.9697,1.0,0.3983,-41.122786,1689.34464,30,0.059,0,True,True,,,
EPL_DISABL,50837,50837,0.024722,0.6027,23.454198,550.099407,-999.0,0.0875,0.3446,0.8322,0.9574,0.9999,0.4876,-42.566747,1810.261604,28,0.0551,0,True,True,,,
EPL_POV,50837,50837,0.071689,0.5829,22.162357,491.170071,-999.0,0.1185,0.369,0.7704,0.9396,0.9998,0.4014,-45.053409,2028.153179,25,0.0492,0,True,True,,,
EPL_PCI,47165,47165,0.028476,0.5125,22.068717,487.028269,-999.0,0.0681,0.2918,0.7614,0.9543,0.9999,0.4696,-45.24158,2045.215007,23,0.0488,0,True,True,,,
RPL_THEME3,50837,50837,0.154347,0.6337,21.25889,451.940422,-999.0,0.1677,0.3972,0.8331,0.9673,0.9999,0.4359,-46.973113,2204.880904,23,0.0452,0,True,True,,,
rpms_1km,50881,50881,507.063626,314.602715,539.638708,291209.934732,0.0,3.788323,77.927751,771.26506,1645.983874,3324.151674,693.33731,1.343226,1.332241,21,0.0413,0,False,False,,,
rmin_5D_mean,50881,50881,25.500368,23.4,12.559608,157.743752,1.0,8.7,16.6,32.2,50.2,93.4,15.6,0.884408,0.826817,20,0.0393,0,False,False,,,
EPL_NOHSDP,50837,50837,0.200323,0.5738,19.322879,373.373635,-999.0,0.0996,0.3459,0.8357,0.9852,0.9999,0.4898,-51.682246,2669.738245,19,0.0374,0,True,True,,,
rmin_Normal,50075,50075,28.118045,25.4,10.014049,100.281176,7.6,16.2,21.1,32.9,49.1,72.0,11.8,1.129109,0.999686,18,0.0359,0,False,False,,,
EPL_AGE65,50837,50837,0.220288,0.6334,18.808305,353.75235,-999.0,0.0678,0.2657,0.8798,0.9671,0.9999,0.6141,-53.094896,2817.97133,18,0.0354,0,True,True,,,
EPL_CROWD,50837,50837,0.30804,0.73,18.809319,353.790477,-999.0,0.0,0.4997,0.8915,0.9775,0.9999,0.3918,-53.100306,2818.354202,18,0.0354,0,True,True,,,
EPL_AGE17,50837,50837,0.131438,0.4336,18.806634,353.689478,-999.0,0.058,0.1947,0.803,0.9629,1.0,0.6083,-53.094886,2817.970746,18,0.0354,0,True,True,,,
EPL_MINRTY,50837,50837,0.225961,0.5762,18.807123,353.70789,-999.0,0.2406,0.384,0.7767,0.92674,0.9968,0.3927,-53.105818,2818.744629,18,0.0354,0,True,True,,,
EPL_LIMENG,50837,50837,0.253811,0.6561,18.808433,353.757169,-999.0,0.0,0.3962,0.8521,0.9733,0.9999,0.4559,-53.099159,2818.273035,18,0.0354,0,True,True,,,
EPL_MUNIT,50837,50837,-0.04809,0.2956,18.802498,353.533927,-999.0,0.0,0.0,0.4743,0.8114,0.9988,0.4743,-53.101301,2818.424909,18,0.0354,0,True,True,,,
EPL_GROUPQ,50837,50837,0.196931,0.6214,18.807854,353.735368,-999.0,0.0,0.4084,0.7919,0.9577,0.9976,0.3835,-53.094998,2817.978407,18,0.0354,0,True,True,,,
EPL_SNGPNT,50837,50837,0.096086,0.4085,18.805554,353.648864,-999.0,0.0426,0.1944,0.7078,0.9245,0.9999,0.5134,-53.098398,2818.219396,18,0.0354,0,True,True,,,
fm100_5D_min,50881,50881,8.687828,7.9,3.365339,11.325509,1.8,4.4,6.2,10.6,15.3,28.9,4.4,0.943076,0.694409,17,0.0334,0,False,False,,,
TRI_1km,50881,50881,10.50655,7.303,10.429333,108.770994,0.0,0.41,1.776,16.35,31.659,75.334,14.574,1.225714,1.183483,13,0.0255,0,False,False,,,
bi,50881,50881,45.697844,47.0,20.06097,402.442505,0.0,0.0,36.0,58.0,76.0,143.0,22.0,-0.420052,0.651681,10,0.0197,0,False,False,,,
fm1000_Normal,50075,50075,11.974524,11.2,3.797975,14.424611,3.4,7.2,9.2,14.0,19.7,30.9,4.8,0.982026,1.008251,9,0.018,0,False,False,,,
etr,50881,50881,7.827839,7.8,2.980401,8.88279,0.1,2.9,5.8,9.7,12.9,24.7,3.9,0.246999,0.170777,9,0.0177,0,False,False,,,
tmmn_5D_mean,50881,50881,285.58038,285.82,5.242464,27.483434,258.0,276.36002,282.40002,289.13998,293.66,305.12,6.73996,-0.312088,0.454311,8,0.0157,0,False,False,,,
bi_5D_max,50881,50881,55.356223,54.0,16.973501,288.099734,0.0,30.0,44.0,66.0,85.0,143.0,22.0,0.363327,0.507057,8,0.0157,0,False,False,,,
road_common_name_dis,33061,33061,30.519174,35.1,14.04219,197.183097,0.1,2.5,23.6,39.7,47.7,269.8,16.1,0.000113,11.712328,5,0.0151,0,False,True,,,
etr_5D_max,50881,50881,9.206615,9.2,3.088139,9.536604,0.4,4.2,7.1,11.1,14.5,24.7,4.0,0.223132,0.18012,6,0.0118,0,False,False,,,
tmmn,50881,50881,285.642611,285.899994,5.478076,30.009316,257.399994,276.0,282.299988,289.299988,294.200012,305.100006,7.0,-0.300464,0.423832,6,0.0118,0,False,False,,,
vpd,50881,50881,1.806207,1.69,0.96834,0.937682,0.0,0.46,1.06,2.44,3.56,7.48,1.38,0.63037,0.190764,5,0.0098,0,False,False,,,
fm100,50881,50881,9.767241,9.0,3.727291,13.8927,1.9,4.9,6.9,12.2,16.6,30.3,5.3,0.772204,0.325195,5,0.0098,0,False,False,,,
etr_5D_mean,50881,50881,7.752982,7.78,2.749055,7.557303,0.38,3.12,5.9,9.58,12.28,22.1,3.68,0.098849,-0.088192,4,0.0079,0,False,False,,,
tmmn_5D_max,50881,50881,287.536143,287.7,5.246726,27.52813,258.0,278.4,284.3,291.2,295.7,306.6,6.9,-0.269656,0.394615,4,0.0079,0,False,False,,,
fm100_5D_mean,50881,50881,9.809664,9.1,3.624479,13.136851,2.0,5.0,7.0,12.1,16.5,30.0,5.1,0.759502,0.326207,3,0.0059,0,False,False,,,
vpd_5D_max,50881,50881,2.245181,2.17,1.008242,1.016552,0.0,0.74,1.48,2.93,3.96,7.59,1.45,0.465289,0.089381,3,0.0059,0,False,False,,,
vpd_5D_mean,50881,50881,1.785766,1.69,0.885852,0.784734,0.0,0.53,1.11,2.36,3.37,6.15,1.25,0.597031,0.179044,2,0.0039,0,False,False,,,
sph,50881,50881,0.006695,0.00675,0.002338,5e-06,0.00033,0.00279,0.00513,0.00818,0.01056,0.01764,0.00305,0.140657,0.127979,1,0.002,0,False,False,,,
